,id,status
0,DCP-ZDR-2023-00001,Completed
1,DCP-ZDR-2023-00028,Application Incomplete
2,DCP-ZDR-2023-00034,Completed
3,DCP-ZDR-2023-00046,Completed
4,DCP-ZDR-2023-00051,Applicant Revisions
5,DCP-ZDR-2023-00054,Completed
6,DCP-ZDR-2023-00071,Cancelled
7,DCP-ZDR-2023-00074,Cancelled
8,DCP-ZDR-2023-00076,Withdrawn
9,DCP-ZDR-2023-00087,Completed
10,DCP-ZDR-2023-00089,Completed
11,DCP-ZDR-2023-00094,Completed
12,DCP-ZDR-2023-00098,Completed
13,DCP-ZDR-2023-00102,Completed
14,DCP-ZDR-2023-00110,Completed
15,DCP-ZDR-2023-00115,Application Incomplete
16,DCP-ZDR-2023-00122,Applicant Revisions
17,DCP-ZDR-2023-00124,Completed
18,DCP-ZDR-2023-00129,Applicant Revisions
19,DCP-ZDR-2023-00134,Applicant Revisions
20,DCP-ZDR-2023-00137,Completed
21,DCP-ZDR-2023-00145,Completed
22,DCP-ZDR-2023-00151,Cancelled
23,DCP-ZDR-2023-00155,Application Incomplete
24,DCP-ZDR-2023-00158,Applicant Revisions
25,DCP-ZDR-2023-00164,Completed
26,DCP-ZDR-2023-00173,Applicant Revisions
27,DCP-ZDR-2023-00189,Completed
28,DCP-ZDR-2023-00200,Completed
29,DCP-ZDR-2023-00205,Completed
30,DCP-ZDR-2023-00208,Completed
31,DCP-ZDR-2023-00214,Completed
32,DCP-ZDR-2023-00220,Completed
33,DCP-ZDR-2023-00222,Completed
34,DCP-ZDR-2023-00229,Applicant Revisions
35,DCP-ZDR-2023-00241,Completed
36,DCP-ZDR-2023-00244,In Review
37,DCP-ZDR-2023-00247,Completed
38,DCP-ZDR-2023-00268,Completed
39,DCP-ZDR-2023-00279,Completed
40,DCP-ZDR-2023-00286,Completed
41,DCP-ZDR-2023-00288,Completed
42,DCP-ZDR-2023-00312,Completed
43,DCP-ZDR-2023-00316,Completed
44,DCP-ZDR-2023-00324,Completed
45,DCP-ZDR-2023-00326,Applicant Revisions
46,DCP-ZDR-2023-00335,Completed
47,DCP-ZDR-2023-00344,Completed
48,DCP-ZDR-2023-00347,Completed
49,DCP-ZDR-2023-00349,Completed
50,DCP-ZDR-2023-00353,Applicant Revisions
51,DCP-ZDR-2023-00357,Completed
52,DCP-ZDR-2023-00359,Completed
53,DCP-ZDR-2023-00379,Completed
54,DCP-ZDR-2023-00400,Completed
55,DCP-ZDR-2023-00420,Application Incomplete
56,DCP-ZDR-2023-00435,Completed
57,DCP-ZDR-2023-00438,Completed
58,DCP-ZDR-2023-00440,Completed
59,DCP-ZDR-2023-00445,Cancelled
60,DCP-ZDR-2023-00456,Completed
61,DCP-ZDR-2023-00460,Completed
62,DCP-ZDR-2023-00467,Completed
63,DCP-ZDR-2023-00472,Completed
64,DCP-ZDR-2023-00489,Completed
65,DCP-ZDR-2023-00497,Applicant Revisions
66,DCP-ZDR-2023-00508,Applicant Revisions
67,DCP-ZDR-2023-00518,Completed
68,DCP-ZDR-2023-00526,Completed
69,DCP-ZDR-2023-00529,Completed
70,DCP-ZDR-2023-00539,Completed
71,DCP-ZDR-2023-00546,Completed
72,DCP-ZDR-2023-00588,Completed
73,DCP-ZDR-2023-00603,Applicant Revisions
74,DCP-ZDR-2023-00606,Applicant Revisions
75,DCP-ZDR-2023-00609,Completed
76,DCP-ZDR-2023-00617,Completed
77,DCP-ZDR-2023-00621,Completed
78,DCP-ZDR-2023-00630,Completed
79,DCP-ZDR-2023-00642,Completed
80,DCP-ZDR-2023-00650,Completed
81,DCP-ZDR-2023-00659,Completed
82,DCP-ZDR-2023-00673,Completed
83,DCP-ZDR-2023-00688,Completed
84,DCP-ZDR-2023-00690,Completed
85,DCP-ZDR-2023-00698,Completed
86,DCP-ZDR-2023-00701,Completed
87,DCP-ZDR-2023-00724,Completed
88,DCP-ZDR-2023-00728,In Review
89,DCP-ZDR-2023-00730,Applicant Revisions
90,DCP-ZDR-2023-00739,Completed
91,DCP-ZDR-2023-00750,Withdrawn
92,DCP-ZDR-2023-00754,Completed
93,DCP-ZDR-2023-00759,Completed
94,DCP-ZDR-2023-00767,Completed
95,DCP-ZDR-2023-00777,Cancelled
96,DCP-ZDR-2023-00788,Completed
97,DCP-ZDR-2023-00796,Completed
98,DCP-ZDR-2023-00800,Completed
99,DCP-ZDR-2023-00804,Completed
100,DCP-ZDR-2023-00818,Completed
101,DCP-ZDR-2023-00820,In Review
102,DCP-ZDR-2023-00840,Withdrawn
103,DCP-ZDR-2023-00848,Completed
104,DCP-ZDR-2023-00855,Completed
105,DCP-ZDR-2023-00857,Completed
106,DCP-ZDR-2023-00866,Completed
107,DCP-ZDR-2023-00872,Completed
108,DCP-ZDR-2023-00876,Completed
109,DCP-ZDR-2023-00887,Completed
110,DCP-ZDR-2023-00901,Completed
111,DCP-ZDR-2023-00907,Completed
112,DCP-ZDR-2023-00909,Completed
113,DCP-ZDR-2023-00913,Completed
114,DCP-ZDR-2023-00922,Applicant Revisions
115,DCP-ZDR-2023-00930,Completed
116,DCP-ZDR-2023-00933,Completed
117,DCP-ZDR-2023-00936,Application Incomplete
118,DCP-ZDR-2023-00944,Completed
119,DCP-ZDR-2023-00947,Completed
120,DCP-ZDR-2023-00951,Completed
121,DCP-ZDR-2023-00955,Completed
122,DCP-ZDR-2023-00957,Completed
123,DCP-ZDR-2023-00961,In Review
124,DCP-ZDR-2023-00963,Completed
125,DCP-ZDR-2023-00969,In Review
126,DCP-ZDR-2023-00987,Completed
127,DCP-ZDR-2023-00996,Completed
128,DCP-ZDR-2023-01001,Completed
129,DCP-ZDR-2023-01005,In Review
130,DCP-ZDR-2023-01007,Applicant Revisions
131,DCP-ZDR-2023-01019,Cancelled
132,DCP-ZDR-2023-01033,Completed
133,DCP-ZDR-2023-01036,Completed
134,DCP-ZDR-2023-01046,Cancelled
135,DCP-ZDR-2023-01049,Completed
136,DCP-ZDR-2023-01057,Completed
137,DCP-ZDR-2023-01060,Completed
138,DCP-ZDR-2023-01083,Completed
139,DCP-ZDR-2023-01088,Completed
140,DCP-ZDR-2023-01094,In Review
141,DCP-ZDR-2023-01105,Completed
142,DCP-ZDR-2023-01114,In Review
143,DCP-ZDR-2023-01118,Completed
144,DCP-ZDR-2023-01122,Completed
145,DCP-ZDR-2023-01135,Completed
146,DCP-ZDR-2023-01152,Completed
147,DCP-ZDR-2023-01169,Completed
148,DCP-ZDR-2023-01185,In Review
149,DCP-ZDR-2023-01188,Completed
150,DCP-ZDR-2023-01190,Applicant Revisions
151,DCP-ZDR-2023-01192,Completed
152,DCP-ZDR-2023-01198,In Review
153,DCP-ZDR-2023-01222,Completed
154,DCP-ZDR-2023-01226,Completed
155,DCP-ZDR-2023-01235,Completed
156,DCP-ZDR-2023-01241,Completed
157,DCP-ZDR-2023-01247,Cancelled
158,DCP-ZDR-2023-01254,Completed
159,DCP-ZDR-2023-01258,Completed
160,DCP-ZDR-2023-01286,Completed
161,DCP-ZDR-2023-01293,Applicant Revisions
162,DCP-ZDR-2023-01295,Completed
163,DCP-ZDR-2023-01298,Completed
164,DCP-ZDR-2023-01304,Completed
165,DCP-ZDR-2023-01319,Withdrawn
166,DCP-ZDR-2023-01326,Completed
167,DCP-ZDR-2023-01332,Completed
168,DCP-ZDR-2023-01347,Withdrawn
169,DCP-ZDR-2023-01352,Application Incomplete
170,DCP-ZDR-2023-01357,Applicant Revisions
171,DCP-ZDR-2023-01359,Applicant Revisions
172,DCP-ZDR-2023-01363,Application Incomplete
173,DCP-ZDR-2023-01383,Application Incomplete
174,DCP-ZDR-2023-01386,Applicant Revisions
175,DCP-ZDR-2023-01391,Completed
176,DCP-ZDR-2023-01396,Completed
177,DCP-ZDR-2023-01399,Completed
178,DCP-ZDR-2023-01401,Completed
179,DCP-ZDR-2023-01404,Completed
180,DCP-ZDR-2023-01417,Completed
181,DCP-ZDR-2023-01423,Application Incomplete
182,DCP-ZDR-2023-01436,Applicant Revisions
183,DCP-ZDR-2023-01442,Cancelled
184,DCP-ZDR-2023-01453,Completed
185,DCP-ZDR-2023-01462,Applicant Revisions
186,DCP-ZDR-2023-01472,Completed
187,DCP-ZDR-2023-01484,Completed
188,DCP-ZDR-2023-01493,Completed
189,DCP-ZDR-2023-01496,Completed
190,DCP-ZDR-2023-01507,Applicant Revisions
191,DCP-ZDR-2023-01520,Completed
192,DCP-ZDR-2023-01526,Completed
193,DCP-ZDR-2023-01528,Completed
194,DCP-ZDR-2023-01531,Completed
195,DCP-ZDR-2023-01543,Completed
196,DCP-ZDR-2023-01545,Completed
197,DCP-ZDR-2023-01548,Completed
198,DCP-ZDR-2023-01553,Completed
199,DCP-ZDR-2023-01559,Completed
200,DCP-ZDR-2023-01564,Withdrawn
201,DCP-ZDR-2023-01569,Completed
202,DCP-ZDR-2023-01588,Cancelled
203,DCP-ZDR-2023-01590,Applicant Revisions
204,DCP-ZDR-2023-01592,Completed
205,DCP-ZDR-2023-01595,Completed
206,DCP-ZDR-2023-01603,Applicant Revisions
207,DCP-ZDR-2023-01608,Completed
208,DCP-ZDR-2023-01612,Completed
209,DCP-ZDR-2023-01621,Withdrawn
210,DCP-ZDR-2023-01625,Completed
211,DCP-ZDR-2023-01629,Cancelled
212,DCP-ZDR-2023-01631,Cancelled
213,DCP-ZDR-2023-01634,In Review
214,DCP-ZDR-2023-01636,Completed
215,DCP-ZDR-2023-01638,Completed
216,DCP-ZDR-2023-01640,Completed
217,DCP-ZDR-2023-01644,Completed
218,DCP-ZDR-2023-01646,Completed
219,DCP-ZDR-2023-01654,Completed
220,DCP-ZDR-2023-01675,Completed
221,DCP-ZDR-2023-01678,Completed
222,DCP-ZDR-2023-01681,Applicant Revisions
223,DCP-ZDR-2023-01683,Completed
224,DCP-ZDR-2023-01691,Completed
225,DCP-ZDR-2023-01702,Completed
226,DCP-ZDR-2023-01716,Completed
227,DCP-ZDR-2023-01718,Cancelled
228,DCP-ZDR-2023-01724,Completed
229,DCP-ZDR-2023-01729,Completed
230,DCP-ZDR-2023-01732,Completed
231,DCP-ZDR-2023-01736,Completed
232,DCP-ZDR-2023-01738,Applicant Revisions
233,DCP-ZDR-2023-01744,Completed
234,DCP-ZDR-2023-01757,Completed
235,DCP-ZDR-2023-01761,Application Incomplete
236,DCP-ZDR-2023-01772,Completed
237,DCP-ZDR-2023-01779,Completed
238,DCP-ZDR-2023-01785,Completed
239,DCP-ZDR-2023-01799,Completed
240,DCP-ZDR-2023-01813,Application Incomplete
241,DCP-ZDR-2023-01819,Cancelled
242,DCP-ZDR-2023-01824,Applicant Revisions
243,DCP-ZDR-2023-01855,Completed
244,DCP-ZDR-2023-01866,Completed
245,DCP-ZDR-2023-01874,Applicant Revisions
246,DCP-ZDR-2023-01876,Completed
247,DCP-ZDR-2023-01888,Completed
248,DCP-ZDR-2023-01893,Applicant Revisions
249,DCP-ZDR-2023-01899,Completed
250,DCP-ZDR-2023-01903,Completed
251,DCP-ZDR-2023-01910,Completed
252,DCP-ZDR-2023-01931,Completed
253,DCP-ZDR-2023-01939,Completed
254,DCP-ZDR-2023-01948,Completed
255,DCP-ZDR-2023-01953,Completed
256,DCP-ZDR-2023-01960,Completed
257,DCP-ZDR-2023-01975,Completed
258,DCP-ZDR-2023-01991,Completed
259,DCP-ZDR-2023-01997,Completed
260,DCP-ZDR-2023-01999,Completed
261,DCP-ZDR-2023-02003,Completed
262,DCP-ZDR-2023-02018,Completed
263,DCP-ZDR-2023-02029,Applicant Revisions
264,DCP-ZDR-2023-02036,Applicant Revisions
265,DCP-ZDR-2023-02038,Completed
266,DCP-ZDR-2023-02042,Completed
267,DCP-ZDR-2023-02048,Application Incomplete
268,DCP-ZDR-2023-02050,Completed
269,DCP-ZDR-2023-02052,Cancelled
270,DCP-ZDR-2023-02057,Applicant Revisions
271,DCP-ZDR-2023-02059,Completed
272,DCP-ZDR-2023-02061,Completed
273,DCP-ZDR-2023-02071,Applicant Revisions
274,DCP-ZDR-2023-02099,Completed
275,DCP-ZDR-2023-02101,Completed
276,DCP-ZDR-2023-02104,Completed
277,DCP-ZDR-2023-02109,Completed
278,DCP-ZDR-2023-02120,Completed
279,DCP-ZDR-2023-02127,Completed
280,DCP-ZDR-2023-02129,Completed
281,DCP-ZDR-2023-02133,Completed
282,DCP-ZDR-2023-02144,Applicant Revisions
283,DCP-ZDR-2023-02160,Completed
284,DCP-ZDR-2023-02164,Completed
285,DCP-ZDR-2023-02167,Cancelled
286,DCP-ZDR-2023-02175,Completed
287,DCP-ZDR-2023-02184,Completed
288,DCP-ZDR-2023-02192,Completed
289,DCP-ZDR-2023-02195,Completed
290,DCP-ZDR-2023-02206,Completed
291,DCP-ZDR-2023-02218,Completed
292,DCP-ZDR-2023-02222,Completed
293,DCP-ZDR-2023-02227,Completed
294,DCP-ZDR-2023-02235,Completed
295,DCP-ZDR-2023-02240,Cancelled
296,DCP-ZDR-2023-02243,Completed
297,DCP-ZDR-2023-02252,Completed
298,DCP-ZDR-2023-02258,Completed
299,DCP-ZDR-2023-02263,Completed
300,DCP-ZDR-2023-02265,Completed
301,DCP-ZDR-2023-02272,Completed
302,DCP-ZDR-2023-02283,Withdrawn
303,DCP-ZDR-2023-02286,Completed
304,DCP-ZDR-2023-02300,Completed
305,DCP-ZDR-2023-02312,Completed
306,DCP-ZDR-2023-02330,Completed
307,DCP-ZDR-2023-02338,Applicant Revisions
308,DCP-ZDR-2023-02341,Completed
309,DCP-ZDR-2023-02343,Completed
310,DCP-ZDR-2023-02346,Completed
311,DCP-ZDR-2023-02358,Completed
312,DCP-ZDR-2023-02367,Completed
313,DCP-ZDR-2023-02374,Completed
314,DCP-ZDR-2023-02382,Completed
315,DCP-ZDR-2023-02385,Completed
316,DCP-ZDR-2023-02393,Completed
317,DCP-ZDR-2023-02413,Completed
318,DCP-ZDR-2023-02424,Completed
319,DCP-ZDR-2023-02427,Completed
320,DCP-ZDR-2023-02434,Completed
321,DCP-ZDR-2023-02436,Completed
322,DCP-ZDR-2023-02438,Completed
323,DCP-ZDR-2023-02441,Completed
324,DCP-ZDR-2023-02446,Completed
325,DCP-ZDR-2023-02458,Completed
326,DCP-ZDR-2023-02464,Completed
327,DCP-ZDR-2023-02482,Completed
328,DCP-ZDR-2023-02486,Completed
329,DCP-ZDR-2023-02505,Applicant Revisions
330,DCP-ZDR-2023-02513,Completed
331,DCP-ZDR-2023-02517,Completed
332,DCP-ZDR-2023-02523,Completed
333,DCP-ZDR-2023-02526,Completed
334,DCP-ZDR-2023-02531,Completed
335,DCP-ZDR-2023-02539,Completed
336,DCP-ZDR-2023-02554,In Review
337,DCP-ZDR-2023-02569,Completed
338,DCP-ZDR-2023-02580,Completed
339,DCP-ZDR-2023-02588,Completed
340,DCP-ZDR-2023-02591,Completed
341,DCP-ZDR-2023-02593,Completed
342,DCP-ZDR-2023-02601,Applicant Revisions
343,DCP-ZDR-2023-02607,Completed
344,DCP-ZDR-2023-02626,Completed
345,DCP-ZDR-2023-02630,Completed
346,DCP-ZDR-2023-02635,Completed
347,DCP-ZDR-2023-02641,Cancelled
348,DCP-ZDR-2023-02649,Completed
349,DCP-ZDR-2023-02651,Completed
350,DCP-ZDR-2023-02656,Completed
351,DCP-ZDR-2023-02659,Application Incomplete
352,DCP-ZDR-2023-02661,Completed
353,DCP-ZDR-2023-02671,Completed
354,DCP-ZDR-2023-02673,Completed
355,DCP-ZDR-2023-02689,Completed
356,DCP-ZDR-2023-02697,Completed
357,DCP-ZDR-2023-02700,Completed
358,DCP-ZDR-2023-02711,Completed
359,DCP-ZDR-2023-02721,Completed
360,DCP-ZDR-2023-02723,Completed
361,DCP-ZDR-2023-02731,Completed
362,DCP-ZDR-2023-02739,Completed
363,DCP-ZDR-2023-02742,Completed
364,DCP-ZDR-2023-02744,Completed
365,DCP-ZDR-2023-02756,Completed
366,DCP-ZDR-2023-02762,Completed
367,DCP-ZDR-2023-02765,Completed
368,DCP-ZDR-2023-02769,Completed
369,DCP-ZDR-2023-02773,Completed
370,DCP-ZDR-2023-02778,Completed
371,DCP-ZDR-2023-02783,Completed
372,DCP-ZDR-2023-02786,Applicant Revisions
373,DCP-ZDR-2023-02790,Completed
374,DCP-ZDR-2023-02797,Completed
375,DCP-ZDR-2023-02800,Completed
376,DCP-ZDR-2023-02802,Completed
377,DCP-ZDR-2023-02810,In Review
378,DCP-ZDR-2023-02818,Completed
379,DCP-ZDR-2023-02820,Completed
380,DCP-ZDR-2023-02840,Completed
381,DCP-ZDR-2023-02846,Cancelled
382,DCP-ZDR-2023-02851,Completed
383,DCP-ZDR-2023-02870,Completed
384,DCP-ZDR-2023-02878,Completed
385,DCP-ZDR-2023-02884,Completed
386,DCP-ZDR-2023-02894,Completed
387,DCP-ZDR-2023-02899,Completed
388,DCP-ZDR-2023-02902,In Review
389,DCP-ZDR-2023-02910,Completed
390,DCP-ZDR-2023-02914,In Review
391,DCP-ZDR-2023-02922,Cancelled
392,DCP-ZDR-2023-02927,Applicant Revisions
393,DCP-ZDR-2023-02932,Completed
394,DCP-ZDR-2023-02942,Completed
395,DCP-ZDR-2023-02955,Completed
396,DCP-ZDR-2023-02957,Completed
397,DCP-ZDR-2023-02963,Completed
398,DCP-ZDR-2023-02978,Applicant Revisions
399,DCP-ZDR-2023-02980,Completed
400,DCP-ZDR-2023-02984,Completed
401,DCP-ZDR-2023-02998,In Review
402,DCP-ZDR-2023-03001,Completed
403,DCP-ZDR-2023-03006,Completed
404,DCP-ZDR-2023-03018,Withdrawn
405,DCP-ZDR-2023-03024,Completed
406,DCP-ZDR-2023-03035,Cancelled
407,DCP-ZDR-2023-03044,Completed
408,DCP-ZDR-2023-03054,In Review
409,DCP-ZDR-2023-03059,In Review
410,DCP-ZDR-2023-03062,Completed
411,DCP-ZDR-2023-03069,Completed
412,DCP-ZDR-2023-03071,Completed
413,DCP-ZDR-2023-03075,Applicant Revisions
414,DCP-ZDR-2023-03083,Completed
415,DCP-ZDR-2023-03095,Completed
416,DCP-ZDR-2023-03108,Completed
417,DCP-ZDR-2023-03113,In Review
418,DCP-ZDR-2023-03115,Completed
419,DCP-ZDR-2023-03119,Completed
420,DCP-ZDR-2023-03132,Completed
421,DCP-ZDR-2023-03140,Completed
422,DCP-ZDR-2023-03144,Completed
423,DCP-ZDR-2023-03158,Completed
424,DCP-ZDR-2023-03163,Completed
425,DCP-ZDR-2023-03171,Completed
426,DCP-ZDR-2023-03176,Completed
427,DCP-ZDR-2023-03183,Completed
428,DCP-ZDR-2023-03188,Completed
429,DCP-ZDR-2023-03193,Completed
430,DCP-ZDR-2023-03197,Completed
431,DCP-ZDR-2023-03200,Completed
432,DCP-ZDR-2023-03208,Completed
433,DCP-ZDR-2023-03219,Applicant Revisions
434,DCP-ZDR-2023-03222,Completed
435,DCP-ZDR-2023-03224,Completed
436,DCP-ZDR-2023-03230,Completed
437,DCP-ZDR-2023-03234,Applicant Revisions
438,DCP-ZDR-2023-03258,Completed
439,DCP-ZDR-2023-03260,In Review
440,DCP-ZDR-2023-03264,Completed
441,DCP-ZDR-2023-03271,Completed
442,DCP-ZDR-2023-03275,Completed
443,DCP-ZDR-2023-03282,Completed
444,DCP-ZDR-2023-03290,Completed
445,DCP-ZDR-2023-03305,Completed
446,DCP-ZDR-2023-03325,Applicant Revisions
447,DCP-ZDR-2023-03333,Completed
448,DCP-ZDR-2023-03336,Completed
449,DCP-ZDR-2023-03339,Application Incomplete
450,DCP-ZDR-2023-03344,Completed
451,DCP-ZDR-2023-03346,Completed
452,DCP-ZDR-2023-03350,Cancelled
453,DCP-ZDR-2023-03354,Completed
454,DCP-ZDR-2023-03361,Applicant Revisions
455,DCP-ZDR-2023-03363,Completed
456,DCP-ZDR-2023-03365,Completed
457,DCP-ZDR-2023-03373,Applicant Revisions
458,DCP-ZDR-2023-03377,Completed
459,DCP-ZDR-2023-03391,Completed
460,DCP-ZDR-2023-03393,Completed
461,DCP-ZDR-2023-03400,Completed
462,DCP-ZDR-2023-03403,Completed
463,DCP-ZDR-2023-03417,Completed
464,DCP-ZDR-2023-03420,Completed
465,DCP-ZDR-2023-03447,Completed
466,DCP-ZDR-2023-03458,Completed
467,DCP-ZDR-2023-03461,Completed
468,DCP-ZDR-2023-03477,Completed
469,DCP-ZDR-2023-03482,Completed
470,DCP-ZDR-2023-03485,Completed
471,DCP-ZDR-2023-03488,In Review
472,DCP-ZDR-2023-03492,Completed
473,DCP-ZDR-2023-03504,Completed
474,DCP-ZDR-2023-03508,Completed
475,DCP-ZDR-2023-03513,Completed
476,DCP-ZDR-2023-03516,Completed
477,DCP-ZDR-2023-03524,Completed
478,DCP-ZDR-2023-03540,Completed
479,DCP-ZDR-2023-03542,Completed
480,DCP-ZDR-2023-03544,Completed
481,DCP-ZDR-2023-03556,Completed
482,DCP-ZDR-2023-03568,Completed
483,DCP-ZDR-2023-03579,In Review
484,DCP-ZDR-2023-03587,Completed
485,DCP-ZDR-2023-03594,Completed
486,DCP-ZDR-2023-03605,Applicant Revisions
487,DCP-ZDR-2023-03617,Cancelled
488,DCP-ZDR-2023-03625,Application Incomplete
489,DCP-ZDR-2023-03630,Completed
490,DCP-ZDR-2023-03642,Applicant Revisions
491,DCP-ZDR-2023-03646,Completed
492,DCP-ZDR-2023-03652,Applicant Revisions
493,DCP-ZDR-2023-03654,Completed
494,DCP-ZDR-2023-03665,Completed
495,DCP-ZDR-2023-03675,Completed
496,DCP-ZDR-2023-03677,Completed
497,DCP-ZDR-2023-03695,Completed
498,DCP-ZDR-2023-03698,Completed
499,DCP-ZDR-2023-03705,Completed
500,DCP-ZDR-2023-03709,Completed
501,DCP-ZDR-2023-03737,Cancelled
502,DCP-ZDR-2023-03746,Cancelled
503,DCP-ZDR-2023-03751,Completed
504,DCP-ZDR-2023-03759,Applicant Revisions
505,DCP-ZDR-2023-03763,Completed
506,DCP-ZDR-2023-03769,Completed
507,DCP-ZDR-2023-03771,Completed
508,DCP-ZDR-2023-03804,Completed
509,DCP-ZDR-2023-03813,Completed
510,DCP-ZDR-2023-03815,Completed
511,DCP-ZDR-2023-03818,Completed
512,DCP-ZDR-2023-03825,Completed
513,DCP-ZDR-2023-03828,Completed
514,DCP-ZDR-2023-03843,Completed
515,DCP-ZDR-2023-03846,Completed
516,DCP-ZDR-2023-03856,Completed
517,DCP-ZDR-2023-03867,In Review
518,DCP-ZDR-2023-03873,Completed
519,DCP-ZDR-2023-03875,Completed
520,DCP-ZDR-2023-03880,Completed
521,DCP-ZDR-2023-03893,Applicant Revisions
522,DCP-ZDR-2023-03898,Completed
523,DCP-ZDR-2023-03903,Withdrawn
524,DCP-ZDR-2023-03908,Applicant Revisions
525,DCP-ZDR-2023-03914,Completed
526,DCP-ZDR-2023-03938,Completed
527,DCP-ZDR-2023-03940,Completed
528,DCP-ZDR-2023-03943,Cancelled
529,DCP-ZDR-2023-03951,Completed
530,DCP-ZDR-2023-03957,Completed
531,DCP-ZDR-2023-03959,Completed
532,DCP-ZDR-2023-03962,Completed
533,DCP-ZDR-2023-03966,Completed
534,DCP-ZDR-2023-03969,Completed
535,DCP-ZDR-2023-03987,Completed
536,DCP-ZDR-2023-03994,Completed
537,DCP-ZDR-2023-03999,Completed
538,DCP-ZDR-2023-04007,Applicant Revisions
539,DCP-ZDR-2023-04017,Completed
540,DCP-ZDR-2023-04027,Completed
541,DCP-ZDR-2023-04037,Completed
542,DCP-ZDR-2023-04044,Completed
543,DCP-ZDR-2023-04051,Completed
544,DCP-ZDR-2023-04056,Applicant Revisions
545,DCP-ZDR-2023-04061,Completed
546,DCP-ZDR-2023-04074,Completed
547,DCP-ZDR-2023-04078,Completed
548,DCP-ZDR-2023-04082,In Review
549,DCP-ZDR-2023-04097,Completed
550,DCP-ZDR-2023-04109,Applicant Revisions
551,DCP-ZDR-2023-04120,Completed
552,DCP-ZDR-2023-04128,Completed
553,DCP-ZDR-2023-04133,Completed
554,DCP-ZDR-2023-04136,Withdrawn
555,DCP-ZDR-2023-04154,Completed
556,DCP-ZDR-2023-04160,In Review
557,DCP-ZDR-2023-04167,In Review
558,DCP-ZDR-2023-04173,Completed
559,DCP-ZDR-2023-04189,Applicant Revisions
560,DCP-ZDR-2023-04193,Completed
561,DCP-ZDR-2023-04195,Applicant Revisions
562,DCP-ZDR-2023-04211,Completed
563,DCP-ZDR-2023-04217,Completed
564,DCP-ZDR-2023-04223,Completed
565,DCP-ZDR-2023-04234,Applicant Revisions
566,DCP-ZDR-2023-04242,Completed
567,DCP-ZDR-2023-04245,Completed
568,DCP-ZDR-2023-04255,Applicant Revisions
569,DCP-ZDR-2023-04257,Completed
570,DCP-ZDR-2023-04262,Applicant Revisions
571,DCP-ZDR-2023-04266,Completed
572,DCP-ZDR-2023-04271,Completed
573,DCP-ZDR-2023-04277,Completed
574,DCP-ZDR-2023-04286,Applicant Revisions
575,DCP-ZDR-2023-04291,Applicant Revisions
576,DCP-ZDR-2023-04299,Completed
577,DCP-ZDR-2023-04303,Applicant Revisions
578,DCP-ZDR-2023-04309,Completed
579,DCP-ZDR-2023-04314,Completed
580,DCP-ZDR-2023-04322,Completed
581,DCP-ZDR-2023-04333,Completed
582,DCP-ZDR-2023-04345,Completed
583,DCP-ZDR-2023-04353,In Review
584,DCP-ZDR-2023-04360,Completed
585,DCP-ZDR-2023-04363,Applicant Revisions
586,DCP-ZDR-2023-04368,Completed
587,DCP-ZDR-2023-04382,Completed
588,DCP-ZDR-2023-04387,Applicant Revisions
589,DCP-ZDR-2023-04395,Completed
590,DCP-ZDR-2023-04410,Completed
591,DCP-ZDR-2023-04412,Completed
592,DCP-ZDR-2023-04416,Completed
593,DCP-ZDR-2023-04427,Applicant Revisions
594,DCP-ZDR-2023-04431,Cancelled
595,DCP-ZDR-2023-04439,In Review
596,DCP-ZDR-2023-04441,Completed
597,DCP-ZDR-2023-04446,Completed
598,DCP-ZDR-2023-04464,Completed
599,DCP-ZDR-2023-04470,Applicant Revisions
600,DCP-ZDR-2023-04472,Completed
601,DCP-ZDR-2023-04476,Completed
602,DCP-ZDR-2023-04478,In Review
603,DCP-ZDR-2023-04480,Completed
604,DCP-ZDR-2023-04495,Completed
605,DCP-ZDR-2023-04509,Completed
606,DCP-ZDR-2023-04517,Completed
607,DCP-ZDR-2023-04522,Completed
608,DCP-ZDR-2023-04535,Completed
609,DCP-ZDR-2023-04544,In Review
610,DCP-ZDR-2023-04549,Completed
611,DCP-ZDR-2023-04567,Completed
612,DCP-ZDR-2023-04571,Completed
613,DCP-ZDR-2023-04581,Completed
614,DCP-ZDR-2023-04584,Completed
615,DCP-ZDR-2023-04602,Completed
616,DCP-ZDR-2023-04613,Completed
617,DCP-ZDR-2023-04634,Applicant Revisions
618,DCP-ZDR-2023-04656,Completed
619,DCP-ZDR-2023-04659,Completed
620,DCP-ZDR-2023-04663,Completed
621,DCP-ZDR-2023-04667,Applicant Revisions
622,DCP-ZDR-2023-04674,Completed
623,DCP-ZDR-2023-04686,Completed
624,DCP-ZDR-2023-04693,In Review
625,DCP-ZDR-2023-04713,Completed
626,DCP-ZDR-2023-04716,Completed
627,DCP-ZDR-2023-04722,Completed
628,DCP-ZDR-2023-04737,Applicant Revisions
629,DCP-ZDR-2023-04747,Applicant Revisions
630,DCP-ZDR-2023-04749,Applicant Revisions
631,DCP-ZDR-2023-04759,In Review
632,DCP-ZDR-2023-04769,In Review
633,DCP-ZDR-2023-04773,Application Incomplete
634,DCP-ZDR-2023-04796,Completed
635,DCP-ZDR-2023-04802,Applicant Revisions
636,DCP-ZDR-2023-04811,Applicant Revisions
637,DCP-ZDR-2023-04818,Completed
638,DCP-ZDR-2023-04825,Cancelled
639,DCP-ZDR-2023-04840,Completed
640,DCP-ZDR-2023-04847,Completed
641,DCP-ZDR-2023-04869,Completed
642,DCP-ZDR-2023-04874,Completed
643,DCP-ZDR-2023-04877,Completed
644,DCP-ZDR-2023-04893,Completed
645,DCP-ZDR-2023-04898,Completed
646,DCP-ZDR-2023-04902,Applicant Revisions
647,DCP-ZDR-2023-04904,Completed
648,DCP-ZDR-2023-04908,Applicant Revisions
649,DCP-ZDR-2023-04919,Completed
650,DCP-ZDR-2023-04938,Completed
651,DCP-ZDR-2023-04946,Completed
652,DCP-ZDR-2023-04948,Completed
653,DCP-ZDR-2023-04953,Completed
654,DCP-ZDR-2023-04956,Completed
655,DCP-ZDR-2023-04970,Completed
656,DCP-ZDR-2023-04975,Completed
657,DCP-ZDR-2023-04982,Withdrawn
658,DCP-ZDR-2023-04984,Applicant Revisions
659,DCP-ZDR-2023-04991,Completed
660,DCP-ZDR-2023-05015,Completed
661,DCP-ZDR-2023-05018,Completed
662,DCP-ZDR-2023-05037,Completed
663,DCP-ZDR-2023-05059,Completed
664,DCP-ZDR-2023-05067,Completed
665,DCP-ZDR-2023-05069,Completed
666,DCP-ZDR-2023-05079,Applicant Revisions
667,DCP-ZDR-2023-05085,Completed
668,DCP-ZDR-2023-05098,Cancelled
669,DCP-ZDR-2023-05120,Applicant Revisions
670,DCP-ZDR-2023-05125,Completed
671,DCP-ZDR-2023-05130,Completed
672,DCP-ZDR-2023-05135,Applicant Revisions
673,DCP-ZDR-2023-05150,Completed
674,DCP-ZDR-2023-05159,Completed
675,DCP-ZDR-2023-05171,Cancelled
676,DCP-ZDR-2023-05176,Applicant Revisions
677,DCP-ZDR-2023-05179,Completed
678,DCP-ZDR-2023-05181,Completed
679,DCP-ZDR-2023-05184,Completed
680,DCP-ZDR-2023-05198,In Review
681,DCP-ZDR-2023-05204,Completed
682,DCP-ZDR-2023-05214,Applicant Revisions
683,DCP-ZDR-2023-05218,Completed
684,DCP-ZDR-2023-05220,Applicant Revisions
685,DCP-ZDR-2023-05222,Completed
686,DCP-ZDR-2023-05229,Applicant Revisions
687,DCP-ZDR-2023-05235,Applicant Revisions
688,DCP-ZDR-2023-05243,Applicant Revisions
689,DCP-ZDR-2023-05246,Completed
690,DCP-ZDR-2023-05258,Completed
691,DCP-ZDR-2023-05263,Application Incomplete
692,DCP-ZDR-2023-05269,Cancelled
693,DCP-ZDR-2023-05278,Cancelled
694,DCP-ZDR-2023-05283,Applicant Revisions
695,DCP-ZDR-2023-05290,Completed
696,DCP-ZDR-2023-05304,Completed
697,DCP-ZDR-2023-05315,In Review
698,DCP-ZDR-2023-05319,Application Incomplete
699,DCP-ZDR-2023-05328,Completed
700,DCP-ZDR-2023-05340,Completed
701,DCP-ZDR-2023-05357,Completed
702,DCP-ZDR-2023-05361,Completed
703,DCP-ZDR-2023-05363,Completed
704,DCP-ZDR-2023-05370,Completed
705,DCP-ZDR-2023-05373,Completed
706,DCP-ZDR-2023-05376,Completed
707,DCP-ZDR-2023-05383,Applicant Revisions
708,DCP-ZDR-2023-05405,Completed
709,DCP-ZDR-2023-05410,In Review
710,DCP-ZDR-2023-05414,Applicant Revisions
711,DCP-ZDR-2023-05416,In Review
712,DCP-ZDR-2023-05421,Completed
713,DCP-ZDR-2023-05425,Applicant Revisions
714,DCP-ZDR-2023-05433,Completed
715,DCP-ZDR-2023-05439,Completed
716,DCP-ZDR-2023-05441,In Review
717,DCP-ZDR-2023-05447,Completed
718,DCP-ZDR-2023-05452,Completed
719,DCP-ZDR-2023-05469,In Review
720,DCP-ZDR-2023-05482,Cancelled
721,DCP-ZDR-2023-05495,In Review
722,DCP-ZDR-2023-05500,In Review
723,DCP-ZDR-2023-05503,In Review
724,DCP-ZDR-2023-05516,Completed
725,DCP-ZDR-2023-05523,Applicant Revisions
726,DCP-ZDR-2023-05529,Completed
727,DCP-ZDR-2023-05533,Completed
728,DCP-ZDR-2023-05537,Applicant Revisions
729,DCP-ZDR-2023-05542,Completed
730,DCP-ZDR-2023-05578,Completed
731,DCP-ZDR-2023-05594,Completed
732,DCP-ZDR-2023-05596,Completed
733,DCP-ZDR-2023-05600,Applicant Revisions
734,DCP-ZDR-2023-05604,Completed
735,DCP-ZDR-2023-05608,In Review
736,DCP-ZDR-2023-05619,Completed
737,DCP-ZDR-2023-05627,Completed
738,DCP-ZDR-2023-05636,Completed
739,DCP-ZDR-2023-05641,Completed
740,DCP-ZDR-2023-05658,In Review
741,DCP-ZDR-2023-05666,Completed
742,DCP-ZDR-2023-05669,Completed
743,DCP-ZDR-2023-05675,Cancelled
744,DCP-ZDR-2023-05677,Completed
745,DCP-ZDR-2023-05688,Completed
746,DCP-ZDR-2023-05694,Completed
747,DCP-ZDR-2023-05700,Completed
748,DCP-ZDR-2023-05702,Completed
749,DCP-ZDR-2023-05723,Withdrawn
750,DCP-ZDR-2023-05728,Completed
751,DCP-ZDR-2023-05739,Applicant Revisions
752,DCP-ZDR-2023-05746,Cancelled
753,DCP-ZDR-2023-05751,Completed
754,DCP-ZDR-2023-05760,Completed
755,DCP-ZDR-2023-05763,In Review
756,DCP-ZDR-2023-05771,Completed
757,DCP-ZDR-2023-05773,Completed
758,DCP-ZDR-2023-05790,Completed
759,DCP-ZDR-2023-05793,Completed
760,DCP-ZDR-2023-05803,Applicant Revisions
761,DCP-ZDR-2023-05806,In Review
762,DCP-ZDR-2023-05808,Completed
763,DCP-ZDR-2023-05812,Completed
764,DCP-ZDR-2023-05828,In Review
765,DCP-ZDR-2023-05841,Completed
766,DCP-ZDR-2023-05845,Completed
767,DCP-ZDR-2023-05849,Completed
768,DCP-ZDR-2023-05853,Applicant Revisions
769,DCP-ZDR-2023-05889,Application Incomplete
770,DCP-ZDR-2023-05892,Applicant Revisions
771,DCP-ZDR-2023-05896,Completed
772,DCP-ZDR-2023-05898,Completed
773,DCP-ZDR-2023-05906,Completed
774,DCP-ZDR-2023-05911,Completed
775,DCP-ZDR-2023-05917,Completed
776,DCP-ZDR-2023-05932,Completed
777,DCP-ZDR-2023-05938,Completed
778,DCP-ZDR-2023-05941,Completed
779,DCP-ZDR-2023-05949,Completed
780,DCP-ZDR-2023-05954,In Review
781,DCP-ZDR-2023-05956,Completed
782,DCP-ZDR-2023-05958,Application Incomplete
783,DCP-ZDR-2023-05960,Completed
784,DCP-ZDR-2023-05988,Completed
785,DCP-ZDR-2023-05991,Completed
786,DCP-ZDR-2023-05995,Completed
787,DCP-ZDR-2023-06001,Completed
788,DCP-ZDR-2023-06013,Applicant Revisions
789,DCP-ZDR-2023-06028,Completed
790,DCP-ZDR-2023-06032,Completed
791,DCP-ZDR-2023-06038,Applicant Revisions
792,DCP-ZDR-2023-06072,Completed
793,DCP-ZDR-2023-06079,Completed
794,DCP-ZDR-2023-06085,Cancelled
795,DCP-ZDR-2023-06087,Cancelled
796,DCP-ZDR-2023-06091,In Review
797,DCP-ZDR-2023-06096,Completed
798,DCP-ZDR-2023-06109,Withdrawn
799,DCP-ZDR-2023-06128,Completed
800,DCP-ZDR-2023-06137,Applicant Revisions
801,DCP-ZDR-2023-06144,In Review
802,DCP-ZDR-2023-06148,Applicant Revisions
803,DCP-ZDR-2023-06153,Completed
804,DCP-ZDR-2023-06156,Completed
805,DCP-ZDR-2023-06170,Completed
806,DCP-ZDR-2023-06176,Applicant Revisions
807,DCP-ZDR-2023-06180,Applicant Revisions
808,DCP-ZDR-2023-06182,Completed
809,DCP-ZDR-2023-06206,Cancelled
810,DCP-ZDR-2023-06217,Completed
811,DCP-ZDR-2023-06227,In Review
812,DCP-ZDR-2023-06236,Cancelled
813,DCP-ZDR-2023-06257,Completed
814,DCP-ZDR-2023-06260,Applicant Revisions
815,DCP-ZDR-2023-06262,Completed
816,DCP-ZDR-2023-06266,In Review
817,DCP-ZDR-2023-06279,Cancelled
818,DCP-ZDR-2023-06282,Completed
819,DCP-ZDR-2023-06291,Applicant Revisions
820,DCP-ZDR-2023-06293,Completed
821,DCP-ZDR-2023-06302,In Review
822,DCP-ZDR-2023-06309,In Review
823,DCP-ZDR-2023-06320,Applicant Revisions
824,DCP-ZDR-2023-06326,Applicant Revisions
825,DCP-ZDR-2023-06332,Cancelled
826,DCP-ZDR-2023-06334,Completed
827,DCP-ZDR-2023-06336,Applicant Revisions
828,DCP-ZDR-2023-06342,Completed
829,DCP-ZDR-2023-06344,Applicant Revisions
830,DCP-ZDR-2023-06350,Completed
831,DCP-ZDR-2023-06358,Completed
832,DCP-ZDR-2023-06360,In Review
833,DCP-ZDR-2023-06367,Completed
834,DCP-ZDR-2023-06387,Applicant Revisions
835,DCP-ZDR-2023-06391,Completed
836,DCP-ZDR-2023-06398,Cancelled
837,DCP-ZDR-2023-06401,Completed
838,DCP-ZDR-2023-06405,In Review
839,DCP-ZDR-2023-06410,In Review
840,DCP-ZDR-2023-06412,In Review
841,DCP-ZDR-2023-06414,In Review
842,DCP-ZDR-2023-06433,In Review
843,DCP-ZDR-2023-06441,Completed
844,DCP-ZDR-2023-06443,Completed
845,DCP-ZDR-2023-06445,Completed
846,DCP-ZDR-2023-06448,Completed
847,DCP-ZDR-2023-06456,Applicant Revisions
848,DCP-ZDR-2023-06469,Completed
849,DCP-ZDR-2023-06472,Completed
850,DCP-ZDR-2023-06476,Applicant Revisions
851,DCP-ZDR-2023-06485,Applicant Revisions
852,DCP-ZDR-2023-06495,Completed
853,DCP-ZDR-2023-06498,Completed
854,DCP-ZDR-2023-06501,Completed
855,DCP-ZDR-2023-06513,Completed
856,DCP-ZDR-2023-06518,Completed
857,DCP-ZDR-2023-06523,Completed
858,DCP-ZDR-2023-06527,Completed
859,DCP-ZDR-2023-06549,Applicant Revisions
860,DCP-ZDR-2023-06572,Completed
861,DCP-ZDR-2023-06577,Completed
862,DCP-ZDR-2023-06585,Applicant Revisions
863,DCP-ZDR-2023-06591,Completed
864,DCP-ZDR-2023-06598,Completed
865,DCP-ZDR-2023-06602,Completed
866,DCP-ZDR-2023-06606,Completed
867,DCP-ZDR-2023-06608,Completed
868,DCP-ZDR-2023-06612,In Review
869,DCP-ZDR-2023-06615,Applicant Revisions
870,DCP-ZDR-2023-06617,Completed
871,DCP-ZDR-2023-06622,Applicant Revisions
872,DCP-ZDR-2023-06625,Completed
873,DCP-ZDR-2023-06630,Completed
874,DCP-ZDR-2023-06638,In Review
875,DCP-ZDR-2023-06652,Application Incomplete
876,DCP-ZDR-2023-06662,Applicant Revisions
877,DCP-ZDR-2023-06666,Completed
878,DCP-ZDR-2023-06676,Completed
879,DCP-ZDR-2023-06688,Applicant Revisions
880,DCP-ZDR-2023-06692,Completed
881,DCP-ZDR-2023-06705,Cancelled
882,DCP-ZDR-2023-06713,Completed
883,DCP-ZDR-2023-06720,Completed
884,DCP-ZDR-2023-06731,Completed
885,DCP-ZDR-2023-06734,In Review
886,DCP-ZDR-2023-06740,Applicant Revisions
887,DCP-ZDR-2023-06743,In Review
888,DCP-ZDR-2023-06754,Completed
889,DCP-ZDR-2023-06766,In Review
890,DCP-ZDR-2023-06771,Applicant Revisions
891,DCP-ZDR-2023-06773,In Review
892,DCP-ZDR-2023-06775,Applicant Revisions
893,DCP-ZDR-2023-06784,In Review
894,DCP-ZDR-2023-06796,Completed
895,DCP-ZDR-2023-06798,Completed
896,DCP-ZDR-2023-06804,Completed
897,DCP-ZDR-2023-06820,Completed
898,DCP-ZDR-2023-06822,Completed
899,DCP-ZDR-2023-06824,Completed
900,DCP-ZDR-2023-06826,Completed
901,DCP-ZDR-2023-06844,Completed
902,DCP-ZDR-2023-06850,Completed
903,DCP-ZDR-2023-06857,In Review
904,DCP-ZDR-2023-06873,Completed
905,DCP-ZDR-2023-06889,In Review
906,DCP-ZDR-2023-06894,Completed
907,DCP-ZDR-2023-06897,Application Incomplete
908,DCP-ZDR-2023-06911,Completed
909,DCP-ZDR-2023-06921,In Review
910,DCP-ZDR-2023-06937,Applicant Revisions
911,DCP-ZDR-2023-06940,Applicant Revisions
912,DCP-ZDR-2023-06943,Completed
913,DCP-ZDR-2023-06957,Completed
914,DCP-ZDR-2023-06959,Completed
915,DCP-ZDR-2023-06969,Completed
916,DCP-ZDR-2023-06976,Completed
917,DCP-ZDR-2023-06988,Applicant Revisions
918,DCP-ZDR-2023-06996,In Review
919,DCP-ZDR-2023-07010,In Review
920,DCP-ZDR-2023-07016,Application Incomplete
921,DCP-ZDR-2023-07020,In Review
922,DCP-ZDR-2023-07025,In Review
923,DCP-ZDR-2023-07053,Applicant Revisions
924,DCP-ZDR-2023-07057,Applicant Revisions
925,DCP-ZDR-2023-07062,Completed
926,DCP-ZDR-2023-07066,In Review
927,DCP-ZDR-2023-07069,Applicant Revisions
928,DCP-ZDR-2023-07071,Applicant Revisions
929,DCP-ZDR-2023-07075,Application Incomplete
930,DCP-ZDR-2023-07081,In Review
931,DCP-ZDR-2023-07100,Completed
932,DCP-ZDR-2023-07110,Application Incomplete
933,DCP-ZDR-2023-07114,In Review
934,DCP-ZDR-2023-07120,Application Incomplete
935,DCP-ZDR-2023-07126,In Review
936,DCP-ZDR-2023-07134,Completed
937,DCP-ZDR-2023-07143,Completed
938,DCP-ZDR-2023-07147,Completed
939,DCP-ZDR-2023-07154,Completed
940,DCP-ZDR-2023-07159,In Review
941,DCP-ZDR-2023-07169,Applicant Revisions
942,DCP-ZDR-2023-07172,Applicant Revisions
943,DCP-ZDR-2023-07180,Completed
944,DCP-ZDR-2023-07184,In Review
945,DCP-ZDR-2023-07199,Completed
946,DCP-ZDR-2023-07204,In Review
947,DCP-ZDR-2023-07209,Completed
948,DCP-ZDR-2023-07217,Completed
949,DCP-ZDR-2023-07228,In Review
950,DCP-ZDR-2023-07240,In Review
951,DCP-ZDR-2023-07247,Withdrawn
952,DCP-ZDR-2023-07260,Completed
953,DCP-ZDR-2023-07265,In Review
954,DCP-ZDR-2023-07270,Applicant Revisions
955,DCP-ZDR-2023-07273,Completed
956,DCP-ZDR-2023-07276,In Review
957,DCP-ZDR-2023-07306,Completed
958,DCP-ZDR-2023-07325,In Review
959,DCP-ZDR-2023-07327,In Review
960,DCP-ZDR-2023-07336,In Review
961,DCP-ZDR-2023-07344,In Review
962,DCP-ZDR-2023-07351,In Review
963,DCP-ZDR-2023-07381,In Review
964,DCP-ZDR-2023-07385,Application Incomplete
965,DCP-ZDR-2023-07397,In Review
966,DCP-ZDR-2023-07410,Application Incomplete
967,DCP-ZDR-2023-07422,Applicant Revisions
968,DCP-ZDR-2023-07431,In Review
969,DCP-ZDR-2023-07434,In Review
970,DCP-ZDR-2023-07438,In Review
971,DCP-ZDR-2023-07443,In Review
972,DCP-ZDR-2023-07446,In Review
973,DCP-ZDR-2023-07448,In Review
974,DCP-ZDR-2023-07450,In Review
975,DCP-ZDR-2023-07453,In Review
976,DCP-ZDR-2023-07455,In Review
977,DCP-ZDR-2023-07461,Applicant Revisions
978,DCP-ZDR-2023-07464,Submitted
979,DCP-ZDR-2023-07466,Completed
980,DCP-ZDR-2023-07472,In Review
981,DCP-ZDR-2023-07476,Cancelled
982,DCP-ZDR-2023-07495,In Review
983,DCP-ZDR-2023-07507,Withdrawn
984,DCP-ZDR-2023-07509,Completed
985,DCP-ZDR-2023-07517,Applicant Revisions
986,DCP-ZDR-2023-07530,In Review
987,DCP-ZDR-2023-07536,Completed
988,DCP-ZDR-2023-07545,In Review
989,DCP-ZDR-2023-07565,In Review
990,DCP-ZDR-2023-07576,In Review
991,DCP-ZDR-2023-07581,In Review
992,DCP-ZDR-2023-07595,In Review
993,DCP-ZDR-2023-07598,Application Incomplete
994,DCP-ZDR-2023-07605,Application Incomplete
995,DCP-ZDR-2023-07614,Completed
996,DCP-ZDR-2023-07625,Applicant Revisions
997,DCP-ZDR-2023-07648,In Review
998,DCP-ZDR-2023-07669,Withdrawn
999,DCP-ZDR-2023-07677,In Review
1000,DCP-ZDR-2023-07679,In Review
1001,DCP-ZDR-2023-07691,In Review
1002,DCP-ZDR-2023-07701,Submitted
1003,DCP-ZDR-2023-07704,Submitted
1004,DCP-ZDR-2023-07709,Submitted
